{
  "xl/employeesxl.js.map": 1727083595157,
  "controller/App.controller.js": 1727076383808,
  "model/models.js": 1727076383800,
  "model/data.json": 1727077167630,
  "controller/View1.controller.js": 1727076515081,
  "xl/employeesxl.js": 1727076845326,
  "manifest.json": 1727083594179,
  "Component.js": 1727076383788,
  "xl/employeesxl-dbg.js": 1727076845326,
  "i18n/i18n.properties": 1727083488349,
  "model/models-dbg.js": 1727076383800,
  "model/models.js.map": 1727083594349,
  "controller/View1-dbg.controller.js": 1727076515081,
  "controller/View1.controller.js.map": 1727083594360,
  "controller/App-dbg.controller.js": 1727076383808,
  "controller/App.controller.js.map": 1727083594348,
  "Component-dbg.js": 1727076383788,
  "Component.js.map": 1727083594351,
  "Component-preload.js": 1727083595515,
  "Component-preload.js.map": 1727083595516,
  "view/View1.view.xml": 1727080570573,
  "view/App.view.xml": 1727076383820,
  "css/style.css": 1727076383812,
  "index.html": 1727076383792
}